{"client_meta":{"background_color":{"r":0.11764705926179886,"g":0.11764705926179886,"b":0.11764705926179886,"a":1},"thumbnail_size":{"width":185,"height":400},"render_coordinates":{"x":-3127,"y":584,"width":4040,"height":8739}},"file_name":"Landing Page para Teste","developer_related_links":[],"exported_at":"2026-04-17T21:33:01.646Z"}